epoch,TRA,DET,LNK
17,0.9996838218091865,0.9998627345713659,0.9984909681801727
