epoch,TRA,DET,LNK
18,0.9996396576575334,0.9998200297713463,0.9984370741866074
