epoch,TRA,DET,LNK
14,0.999486343065008,0.9997102174284389,0.997993719824448
