epoch,TRA,DET,LNK
12,0.9986835634555306,0.999142853656751,0.9956213672397733
