epoch,TRA,DET,LNK
41,0.999972944483672,0.9999725469142732,0.9999755951727252
