epoch,TRA,DET,LNK
7,0.9991189715932993,0.999676663656995,0.9954007069264967
