epoch,TRA,DET,LNK
11,0.9994384654111139,0.9997468215427414,0.9973825822747739
