epoch,TRA,DET,LNK
4,0.9978595638332468,0.9993563776568486,0.9878799526546351
