epoch,TRA,DET,LNK
18,0.9997366065910421,0.9998871373142341,0.9987329827173148
