epoch,TRA,DET,LNK
54,0.9999750664849526,0.9999725469142732,0.9999918650575751
