epoch,TRA,DET,LNK
5,0.9983474915027111,0.9995973547426731,0.99001435817338
