epoch,TRA,DET,LNK
28,0.9998871360568866,0.9999389931428293,0.9995413926207938
