epoch,TRA,DET,LNK
0,0.9409745450031379,0.9512067156348374,0.8727542474568136
