epoch,TRA,DET,LNK
58,0.999972679233512,0.9999694965714147,0.9999938987931813
