epoch,TRA,DET,LNK
9,0.9994428420387552,0.9998200297713463,0.9969280423667801
