epoch,TRA,DET,LNK
19,0.999766712484211,0.9998993386856683,0.9988824622843732
