epoch,TRA,DET,LNK
37,0.99996644585475,0.9999694965714147,0.9999461060064347
