epoch,TRA,DET,LNK
26,0.9999604777261483,0.9999725469142732,0.9998800095992321
