epoch,TRA,DET,LNK
25,0.9999438995911434,0.9999755972571317,0.99973256376778
