epoch,TRA,DET,LNK
64,0.9999712203576315,0.9999694965714147,0.999982713247347
