epoch,TRA,DET,LNK
26,0.9999523875962659,0.999960345542839,0.9998993300874913
