epoch,TRA,DET,LNK
12,0.9994879345659685,0.9997590229141755,0.9976805245410876
