epoch,TRA,DET,LNK
16,0.9995835572486768,0.9998322311427804,0.997925589681639
