epoch,TRA,DET,LNK
10,0.9992141964007675,0.9995729519998048,0.9968222881152559
