epoch,TRA,DET,LNK
25,0.9999360747114211,0.9999664462285561,0.999733580635583
