epoch,TRA,DET,LNK
8,0.9992771933137862,0.9998230801142048,0.9956376371246233
