epoch,TRA,DET,LNK
45,0.9999700267319112,0.9999694965714147,0.9999735614371189
