epoch,TRA,DET,LNK
26,0.9999578252245476,0.9999786475999902,0.999818997531045
