epoch,TRA,DET,LNK
20,0.9996997368187912,0.9997986773713365,0.9990400767938565
