epoch,TRA,DET,LNK
17,0.9995928410042796,0.9997620732570341,0.9984645296172916
