epoch,TRA,DET,LNK
45,0.9999746686097125,0.9999725469142732,0.9999888144541657
