epoch,TRA,DET,LNK
6,0.9989842245119795,0.9996675126284195,0.9944285813067159
