epoch,TRA,DET,LNK
29,0.9999736076090722,0.9999786475999902,0.999940004799616
