epoch,TRA,DET,LNK
33,0.9999680373557105,0.9999664462285561,0.9999786457761345
