epoch,TRA,DET,LNK
1,0.9923745883980641,0.997785451084702,0.9562990892931955
