epoch,TRA,DET,LNK
49,0.9999673742303103,0.9999633958856976,0.9999938987931813
