epoch,TRA,DET,LNK
15,0.9995685706146323,0.9997803753141853,0.9981564186729468
