epoch,TRA,DET,LNK
42,0.9999734749839921,0.9999725469142732,0.9999796626439377
