epoch,TRA,DET,LNK
66,0.9999704246071512,0.9999664462285561,0.9999969493965907
