epoch,TRA,DET,LNK
41,0.9999681699807906,0.9999694965714147,0.9999593252878752
