epoch,TRA,DET,LNK
2,0.9948662157767613,0.9986303960565167,0.9697695370811013
