epoch,TRA,DET,LNK
46,0.9999003985648905,0.9999572951999804,0.9995210552647313
