epoch,TRA,DET,LNK
22,0.9998022560056615,0.9998596842285072,0.9994193684844196
