epoch,TRA,DET,LNK
22,0.9999220164529369,0.9999542448571219,0.999707142072702
