epoch,TRA,DET,LNK
38,0.9999736076090722,0.9999755972571317,0.9999603421556784
