epoch,TRA,DET,LNK
32,0.9999574273493074,0.9999694965714147,0.9998769589958227
