epoch,TRA,DET,LNK
36,0.9999704246071512,0.9999694965714147,0.9999766120405282
