epoch,TRA,DET,LNK
0,0.9419359442083424,0.9521523219209839,0.8738209417822845
