epoch,TRA,DET,LNK
60,0.9999683026058707,0.9999664462285561,0.9999806795117407
