epoch,TRA,DET,LNK
13,0.9989358163577652,0.9993106225139706,0.996436895217874
