epoch,TRA,DET,LNK
36,0.9999655174791898,0.9999725469142732,0.9999186505757506
