epoch,TRA,DET,LNK
22,0.9998570301637177,0.9999298421142536,0.999371575697673
