epoch,TRA,DET,LNK
77,0.999973077108752,0.9999694965714147,0.9999969493965907
