epoch,TRA,DET,LNK
27,0.9999183029506958,0.9999359427999707,0.9998006939105889
