epoch,TRA,DET,LNK
17,0.9995128680810159,0.9997590229141755,0.9978716956880738
