epoch,TRA,DET,LNK
43,0.9999718834830317,0.9999725469142732,0.9999674602303003
