epoch,TRA,DET,LNK
4,0.997485295857376,0.9993594279997071,0.9849900143581733
