epoch,TRA,DET,LNK
33,0.9999732097338321,0.9999725469142732,0.9999776289083314
