epoch,TRA,DET,LNK
1,0.993344608233471,0.9984199223992777,0.9595062903442301
