epoch,TRA,DET,LNK
44,0.9999697614817511,0.9999694965714147,0.9999715277015127
