epoch,TRA,DET,LNK
33,0.9999616713518686,0.9999664462285561,0.9999298361215848
