epoch,TRA,DET,LNK
12,0.999340720727125,0.9996797139998536,0.9970805725372479
