epoch,TRA,DET,LNK
40,0.9999720161081117,0.9999725469142732,0.9999684770981033
