epoch,TRA,DET,LNK
24,0.9999303718329794,0.9999572951999804,0.999750867388236
