epoch,TRA,DET,LNK
49,0.9999705572322313,0.9999694965714147,0.9999776289083314
