epoch,TRA,DET,LNK
40,0.9999790452373538,0.9999786475999902,0.9999816963795439
