epoch,TRA,DET,LNK
70,0.9999732097338321,0.9999694965714147,0.9999979662643937
