epoch,TRA,DET,LNK
8,0.9987216268535019,0.9995668513140877,0.9930863158065999
