epoch,TRA,DET,LNK
6,0.9982760065845699,0.9994173845140194,0.9906661704351788
