epoch,TRA,DET,LNK
1,0.9935143683359213,0.9985144830278924,0.9601774230942881
