epoch,TRA,DET,LNK
4,0.9975342345119105,0.9992343639425071,0.9861990701760809
