epoch,TRA,DET,LNK
0,0.9514074969244244,0.9609647624392982,0.8876869511456033
