epoch,TRA,DET,LNK
31,0.9999550400978667,0.9999633958856976,0.9998993300874913
