epoch,TRA,DET,LNK
95,0.9999734749839921,0.9999694965714147,1.0
