epoch,TRA,DET,LNK
50,0.9999718834830317,0.9999694965714147,0.9999877975863626
