epoch,TRA,DET,LNK
12,0.999438598036194,0.9997773249713268,0.9971802255819534
