epoch,TRA,DET,LNK
1,0.9931757765065812,0.9981453915420093,0.9600421796764733
