epoch,TRA,DET,LNK
90,0.9999637933531493,0.9999633958856976,0.9999664433624971
