epoch,TRA,DET,LNK
16,0.9994615421750407,0.9996553112569853,0.9981696379543874
