epoch,TRA,DET,LNK
18,0.9997079595737536,0.9998383318284976,0.9988387369688391
