epoch,TRA,DET,LNK
20,0.9997518584752466,0.999881036628517,0.9988905972267982
