epoch,TRA,DET,LNK
19,0.9997165802039562,0.9998688352570829,0.9987014598154181
