epoch,TRA,DET,LNK
15,0.9996030531354426,0.9998291807999219,0.9980954066047597
