epoch,TRA,DET,LNK
29,0.9999698941068311,0.9999786475999902,0.9999115325011287
