epoch,TRA,DET,LNK
25,0.99996631322967,0.9999816979428487,0.9998637397143821
