epoch,TRA,DET,LNK
58,0.9999672416052303,0.9999694965714147,0.9999522072132534
