epoch,TRA,DET,LNK
10,0.9993659194923324,0.9997010663998633,0.9971314159274037
