epoch,TRA,DET,LNK
31,0.999952652846426,0.999960345542839,0.9999013638230976
