epoch,TRA,DET,LNK
33,0.9999751991100326,0.9999755972571317,0.9999725445693158
