epoch,TRA,DET,LNK
6,0.9986935103365335,0.9997071670855804,0.9919352214534701
