epoch,TRA,DET,LNK
14,0.9994509321686376,0.9997102174284389,0.9977222161210154
