epoch,TRA,DET,LNK
31,0.9999697614817511,0.9999755972571317,0.999930852989388
