epoch,TRA,DET,LNK
10,0.9992763975633059,0.9997407208570244,0.9961806445314884
