epoch,TRA,DET,LNK
21,0.9995594194841096,0.9997193684570146,0.9984930019157789
