epoch,TRA,DET,LNK
22,0.999851327285276,0.9999359427999707,0.9992871756700142
