epoch,TRA,DET,LNK
74,0.999962599727429,0.9999694965714147,0.9999166168401443
