epoch,TRA,DET,LNK
10,0.9992482810463376,0.9996431098855512,0.9966158639512229
