epoch,TRA,DET,LNK
10,0.9978335693175591,0.9992313135996486,0.9885144781637808
