epoch,TRA,DET,LNK
24,0.9999240058291375,0.9999481441714049,0.9997630698018735
