epoch,TRA,DET,LNK
5,0.998482238584031,0.9997315698284487,0.9901526521946041
