epoch,TRA,DET,LNK
12,0.9994472186663965,0.9998627345713659,0.99667687601941
