epoch,TRA,DET,LNK
6,0.9988181779117704,0.9997132677712975,0.9928504024762764
