epoch,TRA,DET,LNK
30,0.9999668437299902,0.9999725469142732,0.9999288192537817
