epoch,TRA,DET,LNK
10,0.9994419136631949,0.9998047780570536,0.9970226110724701
