epoch,TRA,DET,LNK
18,0.9996706919262626,0.9998413821713561,0.9985326597601005
