epoch,TRA,DET,LNK
27,0.9999751991100326,0.9999816979428487,0.9999318698571911
