epoch,TRA,DET,LNK
8,0.9989514661172098,0.9996736133141365,0.9941367402472209
