epoch,TRA,DET,LNK
0,0.934937716609912,0.9453439566607287,0.8655568571463436
