epoch,TRA,DET,LNK
56,0.999962864977589,0.9999664462285561,0.9999389879318129
