epoch,TRA,DET,LNK
14,0.9995145922070564,0.9997590229141755,0.9978849149695143
