epoch,TRA,DET,LNK
20,0.9998230781432277,0.9999084897142438,0.9992536190325113
