epoch,TRA,DET,LNK
18,0.9996245383984089,0.9998322311427804,0.9982398018328025
