epoch,TRA,DET,LNK
3,0.9963983007013745,0.9986303960565167,0.9815163939427218
