epoch,TRA,DET,LNK
26,0.9999578252245476,0.9999755972571317,0.9998393348871073
