epoch,TRA,DET,LNK
0,0.934258676200111,0.945005368603431,0.862607940517301
