epoch,TRA,DET,LNK
9,0.9991774592535967,0.9995821030283804,0.9964796036656051
