epoch,TRA,DET,LNK
30,0.9999767906109931,0.9999786475999902,0.9999644096268908
