epoch,TRA,DET,LNK
3,0.9957040084073691,0.9986273457136582,0.9762134283494609
