epoch,TRA,DET,LNK
32,0.9999680373557105,0.9999725469142732,0.9999379710640098
