epoch,TRA,DET,LNK
62,0.9999637933531493,0.9999664462285561,0.9999461060064347
