epoch,TRA,DET,LNK
16,0.9997047765718327,0.9998962883428097,0.9984279223763793
