epoch,TRA,DET,LNK
37,0.999959416725508,0.9999572951999804,0.9999735614371189
