epoch,TRA,DET,LNK
20,0.9997669777343711,0.999920691085678,0.9987421345275429
