epoch,TRA,DET,LNK
29,0.9999744033595525,0.9999755972571317,0.9999664433624971
