epoch,TRA,DET,LNK
11,0.9995298440912609,0.9998322311427804,0.9975137582213762
