epoch,TRA,DET,LNK
38,0.9999665784798301,0.9999664462285561,0.9999674602303003
