epoch,TRA,DET,LNK
35,0.9999721487331917,0.9999725469142732,0.9999694939659065
