epoch,TRA,DET,LNK
34,0.9999754643601927,0.9999786475999902,0.9999542409488597
