epoch,TRA,DET,LNK
10,0.9994517279191178,0.9997651235998927,0.9973622449187116
