epoch,TRA,DET,LNK
12,0.9994840884386473,0.999789526342761,0.9974476618141735
