epoch,TRA,DET,LNK
38,0.9999611408515485,0.9999664462285561,0.9999257686503724
