epoch,TRA,DET,LNK
15,0.9996338221540116,0.9998413821713561,0.9982499705108338
