epoch,TRA,DET,LNK
84,0.9999435017159033,0.9999694965714147,0.9997701878764953
