epoch,TRA,DET,LNK
62,0.9999614061017086,0.9999694965714147,0.9999074650299162
