epoch,TRA,DET,LNK
14,0.9994317015320319,0.9996522609141267,0.9979611800547482
