epoch,TRA,DET,LNK
28,0.999972679233512,0.9999755972571317,0.9999532240810566
