epoch,TRA,DET,LNK
11,0.999134488727664,0.9994966934283414,0.9967195844671409
