epoch,TRA,DET,LNK
26,0.9999572947242273,0.9999786475999902,0.9998149300598325
