epoch,TRA,DET,LNK
16,0.999077327318167,0.9996675126284195,0.9951424225045047
