epoch,TRA,DET,LNK
37,0.9999713529827116,0.9999755972571317,0.9999430554030254
