epoch,TRA,DET,LNK
24,0.9998515925354361,0.9999054393713853,0.9994925829662441
