epoch,TRA,DET,LNK
55,0.9999692309814309,0.9999664462285561,0.9999877975863626
