epoch,TRA,DET,LNK
31,0.9999746686097125,0.9999786475999902,0.999948139742041
