epoch,TRA,DET,LNK
52,0.9999740054843123,0.9999725469142732,0.9999837301151501
