epoch,TRA,DET,LNK
19,0.9998184362654263,0.9999481441714049,0.9989536430305914
