epoch,TRA,DET,LNK
63,0.9999722813582718,0.9999694965714147,0.9999908481897719
