epoch,TRA,DET,LNK
17,0.999580772121996,0.9997468215427414,0.9984736814275197
