epoch,TRA,DET,LNK
29,0.9999741381093924,0.9999786475999902,0.9999440722708285
