epoch,TRA,DET,LNK
9,0.9993421796030054,0.9997620732570341,0.9965426494693984
