epoch,TRA,DET,LNK
27,0.9999444300914636,0.9999572951999804,0.9998586553753666
