epoch,TRA,DET,LNK
18,0.9997706912366121,0.9999084897142438,0.9988519562502797
