epoch,TRA,DET,LNK
0,0.9356019030107485,0.9461797506039679,0.8650768955432718
