epoch,TRA,DET,LNK
24,0.9998497357843156,0.9999054393713853,0.9994783468170004
