epoch,TRA,DET,LNK
7,0.999307166581875,0.9998200297713463,0.9958877866041903
