epoch,TRA,DET,LNK
23,0.9998091525098235,0.9999084897142438,0.9991468479131839
