epoch,TRA,DET,LNK
12,0.9994309057815517,0.9996949657141463,0.9976703558630564
