epoch,TRA,DET,LNK
8,0.9991692364986342,0.9997864759999023,0.9950539550056334
