epoch,TRA,DET,LNK
7,0.9990325000411138,0.9997224187998731,0.9944326487779283
