epoch,TRA,DET,LNK
52,0.9999693636065109,0.9999664462285561,0.9999888144541657
