epoch,TRA,DET,LNK
2,0.9946642277798614,0.9989110275995022,0.9663498106592151
