epoch,TRA,DET,LNK
8,0.9953124991710932,0.9984534761707216,0.9743708638902108
