epoch,TRA,DET,LNK
34,0.9999665784798301,0.9999694965714147,0.9999471228742378
