epoch,TRA,DET,LNK
32,0.9999698941068311,0.9999755972571317,0.9999318698571911
