epoch,TRA,DET,LNK
23,0.9999072950690526,0.9999664462285561,0.9995129203223064
