epoch,TRA,DET,LNK
26,0.9999167114497354,0.9999511945142634,0.9996868047166396
