epoch,TRA,DET,LNK
7,0.9990584945568015,0.9997285194855902,0.9945912801552147
