epoch,TRA,DET,LNK
45,0.9999669763550703,0.9999725469142732,0.9999298361215848
