epoch,TRA,DET,LNK
5,0.998495898967275,0.9996461602284097,0.9908268355480714
