epoch,TRA,DET,LNK
35,0.9999734749839921,0.9999755972571317,0.9999593252878752
