epoch,TRA,DET,LNK
30,0.9999705572322313,0.9999755972571317,0.9999369541962067
