epoch,TRA,DET,LNK
75,0.999956101098507,0.9999725469142732,0.9998464529617291
