epoch,TRA,DET,LNK
38,0.9995013296990525,0.9996980160570048,0.9981899753104497
