epoch,TRA,DET,LNK
30,0.999303585704714,0.9996675126284195,0.9968771989766242
