epoch,TRA,DET,LNK
68,0.9999643238534695,0.9999816979428487,0.9998484866973354
