epoch,TRA,DET,LNK
76,0.99996631322967,0.9999786475999902,0.9998840770704446
