epoch,TRA,DET,LNK
22,0.9992754691877457,0.9997437711998829,0.9961531891008042
