epoch,TRA,DET,LNK
20,0.998810087781888,0.9991459039996096,0.9965711217678856
