epoch,TRA,DET,LNK
32,0.9995627351111106,0.9998200297713463,0.9978472908607989
