epoch,TRA,DET,LNK
60,0.9998863403064063,0.999960345542839,0.9993929299215385
