epoch,TRA,DET,LNK
27,0.9992118091493268,0.9995027941140584,0.9972717436842341
