epoch,TRA,DET,LNK
2,0.9948243062514688,0.9988957758852095,0.9676788568778905
