epoch,TRA,DET,LNK
62,0.9999298413326593,0.999960345542839,0.9997264625609612
