epoch,TRA,DET,LNK
51,0.9997614074810094,0.999914590399961,0.9987401007919366
