epoch,TRA,DET,LNK
11,0.9991704301243546,0.9997224187998731,0.9954901912931711
