epoch,TRA,DET,LNK
12,0.9993567683618098,0.9998169794284878,0.9962884325186189
