epoch,TRA,DET,LNK
1,0.9937052158260977,0.9986029429707899,0.9610509125371666
