epoch,TRA,DET,LNK
0,0.9309419881984898,0.9419824788306206,0.8573324303547242
