epoch,TRA,DET,LNK
40,0.9996604797950995,0.9998566338856487,0.9983526741589487
