epoch,TRA,DET,LNK
26,0.999381436626697,0.9996858146855706,0.9973520762406805
