epoch,TRA,DET,LNK
49,0.9997920438744985,0.9999237414285366,0.9989139851862698
