epoch,TRA,DET,LNK
26,0.9994246724027898,0.9997071670855804,0.9975412136520604
