epoch,TRA,DET,LNK
58,0.9998404520287127,0.9999298421142536,0.9992444672222832
