epoch,TRA,DET,LNK
27,0.9994399242869944,0.9996919153712878,0.9977598402297307
