epoch,TRA,DET,LNK
20,0.9994378022857137,0.9997742746284682,0.9971944617311971
