epoch,TRA,DET,LNK
32,0.9994131340208264,0.9996675126284195,0.9977171317819998
