epoch,TRA,DET,LNK
32,0.9996181723945671,0.9998291807999219,0.9982113295343152
