epoch,TRA,DET,LNK
8,0.9986619455674841,0.999545498914078,0.9927710867876333
