epoch,TRA,DET,LNK
61,0.9999011943153707,0.9999450938285463,0.9996085058957995
