epoch,TRA,DET,LNK
52,0.9997814338680954,0.9998840869713755,0.9990970213908311
