epoch,TRA,DET,LNK
33,0.9994884650662886,0.9997407208570244,0.9978066161486742
