epoch,TRA,DET,LNK
23,0.9986733513243675,0.9991337026281754,0.9956040804871203
