epoch,TRA,DET,LNK
26,0.9995066347022541,0.9997773249713268,0.9977018787649531
