epoch,TRA,DET,LNK
0,0.9542802887831543,0.9637497254691427,0.891145318544008
