epoch,TRA,DET,LNK
17,0.9992531881742991,0.9995699016569463,0.997141584605435
