epoch,TRA,DET,LNK
15,0.9991130034646976,0.9994570389711803,0.9968192375118465
