epoch,TRA,DET,LNK
22,0.9994237440272296,0.9997468215427414,0.9972697099486278
