epoch,TRA,DET,LNK
61,0.9999368704619013,0.999960345542839,0.9997803565545265
