epoch,TRA,DET,LNK
3,0.996298566641185,0.9987920642280192,0.9796738294834718
