epoch,TRA,DET,LNK
40,0.9995700294905128,0.9997864759999023,0.9981269295066564
