epoch,TRA,DET,LNK
48,0.9997502669742862,0.9998840869713755,0.9988580574570983
