epoch,TRA,DET,LNK
3,0.9957528144368235,0.9990604943995706,0.9736997311401528
