epoch,TRA,DET,LNK
25,0.9990514654275594,0.9993960321140096,0.9967541579724469
