epoch,TRA,DET,LNK
53,0.9998079588841032,0.9999084897142438,0.9991376961029559
