epoch,TRA,DET,LNK
31,0.9995562364821887,0.9998291807999219,0.9977364522702591
