epoch,TRA,DET,LNK
16,0.9994374044104736,0.9997651235998927,0.9972524231959748
