epoch,TRA,DET,LNK
1,0.9932223279096749,0.9982308011420483,0.9598296543056216
