epoch,TRA,DET,LNK
13,0.9985648640088954,0.9993289245711218,0.9934706918361785
