epoch,TRA,DET,LNK
15,0.9991366107289446,0.9995210961712097,0.9965731555034919
