epoch,TRA,DET,LNK
11,0.9991026587084545,0.9995729519998048,0.9959671022928335
