epoch,TRA,DET,LNK
17,0.9993860785044983,0.9997163181141561,0.9971842930531659
