epoch,TRA,DET,LNK
58,0.9998765260504835,0.9999542448571219,0.9993583564162325
