epoch,TRA,DET,LNK
15,0.9991968225152824,0.9996065057712487,0.9964653675163614
