epoch,TRA,DET,LNK
71,0.999972811858592,0.9999816979428487,0.999913566236735
