epoch,TRA,DET,LNK
75,0.9999742707344724,0.9999786475999902,0.9999450891386317
