epoch,TRA,DET,LNK
27,0.9994539825454785,0.9997834256570438,0.9972575075349904
