epoch,TRA,DET,LNK
10,0.9991169822170988,0.9996004050855316,0.9958938878110091
