epoch,TRA,DET,LNK
28,0.9992916494475105,0.9996004050855316,0.9972331027077156
