epoch,TRA,DET,LNK
16,0.9994807728116464,0.9998383318284976,0.9970968424220977
