epoch,TRA,DET,LNK
4,0.9973341032661314,0.9991886087996291,0.984969677002111
