epoch,TRA,DET,LNK
46,0.9997202937061973,0.9998718855999414,0.9987095947578432
