epoch,TRA,DET,LNK
59,0.9998249348943482,0.9999298421142536,0.9991254936893185
