epoch,TRA,DET,LNK
7,0.9989326333558443,0.9996522609141267,0.9941347065116146
