epoch,TRA,DET,LNK
56,0.9998608762910388,0.9999542448571219,0.9992383660154646
