epoch,TRA,DET,LNK
14,0.999428916405351,0.9997407208570244,0.9973500425050742
