epoch,TRA,DET,LNK
18,0.9993847522536979,0.999789526342761,0.996686027829638
