epoch,TRA,DET,LNK
21,0.9993317022216823,0.999676663656995,0.9970317628826982
