epoch,TRA,DET,LNK
30,0.9994035850150635,0.9996736133141365,0.9976032425880506
