epoch,TRA,DET,LNK
24,0.9948727144056831,0.996690377998487,0.9827539220591166
