epoch,TRA,DET,LNK
55,0.9997732111131329,0.9999054393713853,0.9988916140946013
