epoch,TRA,DET,LNK
53,0.9997505322244462,0.9998993386856683,0.9987584044123927
