epoch,TRA,DET,LNK
51,0.9998061021329826,0.999920691085678,0.9990421105294627
