epoch,TRA,DET,LNK
29,0.999452656294678,0.9997468215427414,0.9974913871297076
