epoch,TRA,DET,LNK
5,0.9975447118932337,0.999182508113912,0.9866251377855874
