epoch,TRA,DET,LNK
68,0.9999619366020287,0.9999816979428487,0.9998301830768793
