epoch,TRA,DET,LNK
30,0.9994067680169845,0.9996919153712878,0.9975056232789512
