epoch,TRA,DET,LNK
19,0.9992842224430283,0.9996217574855414,0.9970337966183044
