epoch,TRA,DET,LNK
3,0.9963286725343539,0.9989232289709363,0.979030152164098
