epoch,TRA,DET,LNK
53,0.999813927012705,0.999920691085678,0.9991021057298467
