epoch,TRA,DET,LNK
25,0.9993224184660795,0.9998078283999121,0.9960860758257983
