epoch,TRA,DET,LNK
14,0.9993010658281932,0.9997193684570146,0.9965121434353048
