epoch,TRA,DET,LNK
17,0.999259686803221,0.9996004050855316,0.9969880375671641
