epoch,TRA,DET,LNK
5,0.9981236203676049,0.9994143341711609,0.9895181266854584
