epoch,TRA,DET,LNK
16,0.9993896593816595,0.999670562971278,0.9975168088247856
