epoch,TRA,DET,LNK
42,0.9995862097502776,0.9997925766856195,0.9982103126665121
