epoch,TRA,DET,LNK
9,0.997958634768036,0.999426535542595,0.98817179371413
