epoch,TRA,DET,LNK
70,0.9999351463358608,0.9999572951999804,0.9997874746291483
