epoch,TRA,DET,LNK
57,0.9999212207024567,0.9999633958856976,0.9996400287976962
