epoch,TRA,DET,LNK
41,0.9995482789773864,0.9997468215427414,0.9982245488157557
