epoch,TRA,DET,LNK
19,0.9991924458876411,0.9994966934283414,0.9971639556971036
