epoch,TRA,DET,LNK
23,0.9994543804207185,0.9997773249713268,0.9973012328505245
