epoch,TRA,DET,LNK
41,0.9996136631418457,0.9998200297713463,0.9982377680971963
