epoch,TRA,DET,LNK
66,0.9999179050754557,0.9999511945142634,0.9996959565268677
