epoch,TRA,DET,LNK
15,0.9994392611615941,0.9997803753141853,0.9971649725649067
