epoch,TRA,DET,LNK
71,0.999949071969265,0.9999664462285561,0.9998332336802886
