epoch,TRA,DET,LNK
57,0.9998229455181477,0.999920691085678,0.9991712527404587
