epoch,TRA,DET,LNK
20,0.9993492087322474,0.9996431098855512,0.9973897003493958
