epoch,TRA,DET,LNK
3,0.995825227730525,0.9989567827423802,0.9749464110667757
