epoch,TRA,DET,LNK
11,0.9992017296432438,0.9995882037140975,0.9966250157614509
