epoch,TRA,DET,LNK
69,0.9999550400978667,0.9999755972571317,0.9998179806632419
