epoch,TRA,DET,LNK
3,0.9962387527300872,0.9988469703994729,0.978849149695143
