epoch,TRA,DET,LNK
66,0.9999567642239072,0.9999725469142732,0.9998515373007447
