epoch,TRA,DET,LNK
19,0.9992647265562625,0.9995851533712389,0.9971283653239944
