epoch,TRA,DET,LNK
1,0.9931570763702956,0.9981941970277459,0.9595734036192359
