epoch,TRA,DET,LNK
47,0.9996736096780234,0.9998718855999414,0.9983516572911455
