epoch,TRA,DET,LNK
22,0.9994371391603135,0.9998139290856293,0.9969249917633708
