epoch,TRA,DET,LNK
63,0.9999419102149428,0.9999694965714147,0.9997579854628579
