epoch,TRA,DET,LNK
29,0.9995779869953152,0.9998322311427804,0.9978828812339081
