epoch,TRA,DET,LNK
14,0.9991088920872164,0.9994875423997658,0.9965843410493262
