epoch,TRA,DET,LNK
30,0.9995694989901927,0.9998078283999121,0.9979805005430074
