epoch,TRA,DET,LNK
26,0.9994968204463311,0.9997193684570146,0.9980130403127072
