epoch,TRA,DET,LNK
44,0.9996521244150571,0.9998139290856293,0.9985733344722253
