epoch,TRA,DET,LNK
23,0.9992929756983109,0.9995485492569365,0.9975890064388069
