epoch,TRA,DET,LNK
60,0.9999241384542176,0.9999664462285561,0.9996420625333025
