epoch,TRA,DET,LNK
37,0.9996598166696994,0.9998566338856487,0.9983475898199331
