epoch,TRA,DET,LNK
15,0.9995435044745049,0.9998444325142146,0.9975371461808479
