epoch,TRA,DET,LNK
2,0.9937943398798841,0.998358915542107,0.9633612361858509
