epoch,TRA,DET,LNK
25,0.9993051772056745,0.9995882037140975,0.9974181726478831
