epoch,TRA,DET,LNK
58,0.9998944304362888,0.9999542448571219,0.9994956335696534
