epoch,TRA,DET,LNK
36,0.9996234773977686,0.9998383318284976,0.9981909921782529
