epoch,TRA,DET,LNK
44,0.9996530527906173,0.9998444325142146,0.9983770789862235
