epoch,TRA,DET,LNK
37,0.9994789160605259,0.9997010663998633,0.9979977872956605
