epoch,TRA,DET,LNK
6,0.9986051820332273,0.9996339588569755,0.9917460840420902
