epoch,TRA,DET,LNK
13,0.9991966898902024,0.9996400595426926,0.9962406397318723
