epoch,TRA,DET,LNK
47,0.9996591535442991,0.9998749359428,0.9982204813445433
