epoch,TRA,DET,LNK
25,0.9993848848787781,0.9997254691427316,0.9971141291747507
