epoch,TRA,DET,LNK
58,0.9998651202936001,0.9999298421142536,0.9994336046336632
