epoch,TRA,DET,LNK
29,0.9994257334034301,0.9996919153712878,0.9976510353747972
