epoch,TRA,DET,LNK
27,0.9991771940034366,0.9995241465140682,0.9968639796951837
