epoch,TRA,DET,LNK
25,0.9989980175203036,0.9993655286854243,0.996547733808414
