epoch,TRA,DET,LNK
22,0.9989651265004539,0.99922826325679,0.997210731616047
