epoch,TRA,DET,LNK
63,0.9998566322884775,0.9999237414285366,0.9994091998063883
