epoch,TRA,DET,LNK
53,0.9997855452455765,0.9998932379999512,0.9990675322245407
