epoch,TRA,DET,LNK
43,0.9996343526543319,0.999795627028478,0.9985590983229816
