epoch,TRA,DET,LNK
28,0.9993400576017247,0.9996583615998438,0.9972178496906688
