epoch,TRA,DET,LNK
42,0.9996500024137764,0.9998779862856585,0.9981299801100658
