epoch,TRA,DET,LNK
45,0.999645227910895,0.9998383318284976,0.9983577584979643
