epoch,TRA,DET,LNK
14,0.9990904572010909,0.9994783913711901,0.9965040084928799
