epoch,TRA,DET,LNK
11,0.9991787855043971,0.9997346201713072,0.9954729045405181
