epoch,TRA,DET,LNK
56,0.9997778529909342,0.9999176407428195,0.9988458550434609
