epoch,TRA,DET,LNK
64,0.9998542450370369,0.999920691085678,0.9994112335419946
