epoch,TRA,DET,LNK
27,0.9995622046107905,0.999789526342761,0.99804659695021
