epoch,TRA,DET,LNK
12,0.9987886025189217,0.999341125942556,0.9951047983957894
