epoch,TRA,DET,LNK
10,0.9992283872843317,0.9997773249713268,0.9955684901140113
