epoch,TRA,DET,LNK
1,0.9922877189706384,0.9978281558847214,0.95534831789728
