epoch,TRA,DET,LNK
35,0.9996137957669258,0.9998352814856389,0.9981370981846875
