epoch,TRA,DET,LNK
12,0.9991187063431393,0.9997529222284585,0.9948902392893314
