epoch,TRA,DET,LNK
12,0.9976489552061445,0.9988500207423314,0.9896411676896357
