epoch,TRA,DET,LNK
27,0.9993469541058868,0.9996553112569853,0.9972910641724934
