epoch,TRA,DET,LNK
59,0.9998824941790853,0.9999420434856878,0.9994854648916223
