epoch,TRA,DET,LNK
9,0.9988651271901042,0.9994600893140388,0.9948983742317564
