epoch,TRA,DET,LNK
33,0.999347749856367,0.999670562971278,0.9971954785990003
