epoch,TRA,DET,LNK
21,0.99952705896458,0.999795627028478,0.9977364522702591
