epoch,TRA,DET,LNK
76,0.9999738728592322,0.9999755972571317,0.9999623758912847
