epoch,TRA,DET,LNK
24,0.9993614102396111,0.9996400595426926,0.9975035895433451
