epoch,TRA,DET,LNK
41,0.9994713564309636,0.9997498718855999,0.9976144281338849
