epoch,TRA,DET,LNK
3,0.9959057311541087,0.9986853022279705,0.9773736745128186
