epoch,TRA,DET,LNK
6,0.998306377727899,0.9995149954854926,0.9902482377680972
