epoch,TRA,DET,LNK
68,0.9998969503128096,0.9999450938285463,0.9995759661260998
