epoch,TRA,DET,LNK
65,0.9999583557248677,0.9999725469142732,0.9998637397143821
