epoch,TRA,DET,LNK
49,0.9997445640958444,0.9998779862856585,0.998855006853689
