epoch,TRA,DET,LNK
4,0.9962187263430013,0.9987066546279801,0.9796311210357409
