epoch,TRA,DET,LNK
36,0.9994070332671445,0.9997712242856097,0.996978885756936
