epoch,TRA,DET,LNK
10,0.9991945678889217,0.9996034554283901,0.9964684181197707
