epoch,TRA,DET,LNK
0,0.9274987758705112,0.9387064106005515,0.8527748288611487
