epoch,TRA,DET,LNK
25,0.9994315689069518,0.9997224187998731,0.9974924039975107
