epoch,TRA,DET,LNK
49,0.9997628663568898,0.9999084897142438,0.9987919610498956
