epoch,TRA,DET,LNK
42,0.9996200291456876,0.9998169794284878,0.9983069151078083
