epoch,TRA,DET,LNK
56,0.999723078832878,0.9998688352570829,0.998751286337771
