epoch,TRA,DET,LNK
18,0.9993582272376902,0.9997010663998633,0.9970724375948229
