epoch,TRA,DET,LNK
52,0.9998259958949886,0.9999267917713951,0.9991539659878057
