epoch,TRA,DET,LNK
13,0.9991904565114405,0.9995790526855218,0.996599594066373
