epoch,TRA,DET,LNK
32,0.9993858132543383,0.9996583615998438,0.9975686690827446
