epoch,TRA,DET,LNK
57,0.9998283831464292,0.9999420434856878,0.99907058282795
