epoch,TRA,DET,LNK
5,0.9977659305267391,0.999472290685473,0.9863892244552639
