epoch,TRA,DET,LNK
70,0.9999241384542176,0.999960345542839,0.9996827372454271
