epoch,TRA,DET,LNK
38,0.9996099496396046,0.999795627028478,0.9983719946472079
