epoch,TRA,DET,LNK
13,0.9989019969623552,0.9994783913711901,0.995059039344649
