epoch,TRA,DET,LNK
46,0.9997237419582783,0.9998688352570829,0.9987563706767866
