epoch,TRA,DET,LNK
2,0.9945467219589467,0.9988713731423412,0.9657132514144631
