epoch,TRA,DET,LNK
8,0.9989787868836979,0.9997010663998633,0.994163178810102
