epoch,TRA,DET,LNK
62,0.9998765260504835,0.9999481441714049,0.9993990311283572
