epoch,TRA,DET,LNK
49,0.9997423094694837,0.9998962883428097,0.9987156959646618
