epoch,TRA,DET,LNK
67,0.999942573340343,0.9999694965714147,0.9997630698018735
