epoch,TRA,DET,LNK
47,0.9996708245513426,0.9998383318284976,0.998554013983966
