epoch,TRA,DET,LNK
49,0.9996356789051323,0.9998230801142048,0.9983862307964515
