epoch,TRA,DET,LNK
21,0.9995193667099378,0.9997834256570438,0.9977588233619277
