epoch,TRA,DET,LNK
55,0.999719365330637,0.9998840869713755,0.9986211272589718
