epoch,TRA,DET,LNK
31,0.9991669818722736,0.9994478879426048,0.9972941147759027
