epoch,TRA,DET,LNK
54,0.9998225476429075,0.9998932379999512,0.9993512383416107
