epoch,TRA,DET,LNK
37,0.9994921785685298,0.9997224187998731,0.9979571125835357
