epoch,TRA,DET,LNK
33,0.9994899239421691,0.9997254691427316,0.9979194884748204
