epoch,TRA,DET,LNK
55,0.9998694969212414,0.9999389931428293,0.999406149202979
