epoch,TRA,DET,LNK
68,0.999952785471506,0.9999633958856976,0.9998820433348383
