epoch,TRA,DET,LNK
4,0.9974142088144751,0.9991215012567413,0.9860312869885663
