epoch,TRA,DET,LNK
7,0.998999211146024,0.999789526342761,0.9937299931259737
