epoch,TRA,DET,LNK
3,0.9957124964124916,0.9985998926279314,0.9764615440934217
