epoch,TRA,DET,LNK
28,0.9980088996733709,0.9989689841138144,0.9916077900208661
