epoch,TRA,DET,LNK
14,0.9991031892087747,0.9994509382854633,0.9967846640065405
