epoch,TRA,DET,LNK
0,0.9332990011209472,0.9442153298030699,0.8605172603140901
