epoch,TRA,DET,LNK
64,0.999857958539278,0.9999176407428195,0.9994600431965442
