epoch,TRA,DET,LNK
65,0.9998790459270042,0.9999328924571121,0.9995200383969283
