epoch,TRA,DET,LNK
65,0.9999542443473864,0.9999755972571317,0.9998118794564231
