epoch,TRA,DET,LNK
20,0.999455971921679,0.999795627028478,0.9971914111277878
