epoch,TRA,DET,LNK
9,0.9990933749528518,0.9996522609141267,0.9953671502889938
