epoch,TRA,DET,LNK
50,0.999780372867455,0.9999023890285268,0.998966862312032
