epoch,TRA,DET,LNK
1,0.9920527073288089,0.9973584030845067,0.9566783809837586
