epoch,TRA,DET,LNK
23,0.9992256021576509,0.9995180458283511,0.9972758111554465
