epoch,TRA,DET,LNK
68,0.9999265257056582,0.9999572951999804,0.9997213782219456
