epoch,TRA,DET,LNK
34,0.9995950956306402,0.9998535835427902,0.9978716956880738
