epoch,TRA,DET,LNK
43,0.9996964211917901,0.9998718855999414,0.9985265585532819
