epoch,TRA,DET,LNK
60,0.9997795771169747,0.9998840869713755,0.9990827852415874
