epoch,TRA,DET,LNK
33,0.9995767933695948,0.9998322311427804,0.99787372942368
