epoch,TRA,DET,LNK
65,0.9998624677919993,0.9999298421142536,0.9994132672776008
