epoch,TRA,DET,LNK
54,0.9998340860248709,0.999920691085678,0.9992566696359206
