epoch,TRA,DET,LNK
13,0.9985728215136978,0.9993777300568584,0.9932063062073678
