epoch,TRA,DET,LNK
61,0.9999285150818589,0.999960345542839,0.99971629388293
