epoch,TRA,DET,LNK
45,0.9996578272934987,0.9998230801142048,0.9985560477195723
