epoch,TRA,DET,LNK
8,0.9987529263723911,0.9996126064569658,0.9930212362672003
