epoch,TRA,DET,LNK
18,0.9993433732287258,0.9996888650284292,0.9970398978251231
