epoch,TRA,DET,LNK
0,0.9272515627213181,0.9379377242002,0.8560044010038519
