epoch,TRA,DET,LNK
12,0.9993742748723748,0.9997376705141658,0.9969514303262519
