epoch,TRA,DET,LNK
26,0.9993555747360894,0.9996736133141365,0.9972351364433218
