epoch,TRA,DET,LNK
7,0.9990378050443154,0.9997498718855999,0.9942902872854917
