epoch,TRA,DET,LNK
46,0.999756632978128,0.9999115400571024,0.9987238309070867
