epoch,TRA,DET,LNK
44,0.9997237419582783,0.9998840869713755,0.9986546838964747
