epoch,TRA,DET,LNK
45,0.9997120709512348,0.9998871373142341,0.998544862173738
