epoch,TRA,DET,LNK
18,0.999030112789673,0.9993990824568681,0.9965701049000826
