epoch,TRA,DET,LNK
20,0.9994435051641554,0.9997315698284487,0.9975229100316042
