epoch,TRA,DET,LNK
37,0.9994551761711988,0.9996919153712878,0.9978767800270893
