epoch,TRA,DET,LNK
69,0.9999672416052303,0.9999725469142732,0.9999318698571911
