epoch,TRA,DET,LNK
55,0.9998179057651061,0.9999115400571024,0.9991936238321273
