epoch,TRA,DET,LNK
54,0.9997807707426951,0.9999176407428195,0.9988682261351295
