epoch,TRA,DET,LNK
4,0.9954785457713023,0.9978464579418727,0.9796911162361248
