epoch,TRA,DET,LNK
39,0.9995277220899803,0.9997315698284487,0.9981686210865842
