epoch,TRA,DET,LNK
36,0.9994584917981998,0.9996736133141365,0.9980242258585414
