epoch,TRA,DET,LNK
55,0.9998657834190003,0.9999389931428293,0.9993776769044918
