epoch,TRA,DET,LNK
29,0.9987134040985394,0.9995027941140584,0.9934503544801162
