epoch,TRA,DET,LNK
18,0.999327325594041,0.9996339588569755,0.9972829292300683
