epoch,TRA,DET,LNK
48,0.9996415144086539,0.9998352814856389,0.9983496235555392
