epoch,TRA,DET,LNK
47,0.9995919126287193,0.999795627028478,0.9982337006259838
