epoch,TRA,DET,LNK
45,0.9997523889755667,0.9999054393713853,0.9987319658495117
