epoch,TRA,DET,LNK
36,0.9995115418302155,0.999755972571317,0.9978818643661049
