epoch,TRA,DET,LNK
0,0.9335663732823063,0.9440597623172845,0.8636044709643568
