epoch,TRA,DET,LNK
22,0.9991421809823062,0.9995332975426438,0.9965345145269734
