epoch,TRA,DET,LNK
8,0.9989261347269223,0.9996461602284097,0.9941255547013866
