epoch,TRA,DET,LNK
11,0.9989635349994934,0.9994387369140292,0.9957952516341065
