epoch,TRA,DET,LNK
32,0.9991256028473013,0.9994509382854633,0.9969565146652675
