epoch,TRA,DET,LNK
28,0.9995521251047075,0.9998017277141951,0.9978879655729237
