epoch,TRA,DET,LNK
67,0.9999148546986149,0.9999572951999804,0.9996318938552713
