epoch,TRA,DET,LNK
23,0.9967620912959221,0.9984260230849947,0.9856682651828532
