epoch,TRA,DET,LNK
69,0.9999506634702254,0.9999694965714147,0.9998250987378637
