epoch,TRA,DET,LNK
38,0.9995519924796274,0.9998078283999121,0.9978462739929959
