epoch,TRA,DET,LNK
4,0.9970732297336942,0.999142853656751,0.9832745583743131
