epoch,TRA,DET,LNK
12,0.9989693705030152,0.9994905927426243,0.9954942587643836
