epoch,TRA,DET,LNK
28,0.9995518598545474,0.9997834256570438,0.9980079559736916
