epoch,TRA,DET,LNK
33,0.9995984112576412,0.9998474828570731,0.9979377920952764
