epoch,TRA,DET,LNK
17,0.9991038523341749,0.9994844920569071,0.9965660374288701
