epoch,TRA,DET,LNK
28,0.9993261319683207,0.9996217574855414,0.9973551268440898
