epoch,TRA,DET,LNK
14,0.9993294475953216,0.9996675126284195,0.9970754881982323
