epoch,TRA,DET,LNK
29,0.9992470874206173,0.999551599599795,0.9972168328228657
