epoch,TRA,DET,LNK
43,0.9997128667017151,0.9999023890285268,0.9984492766002449
