epoch,TRA,DET,LNK
21,0.9991944352638417,0.9996461602284097,0.9961826782670946
