epoch,TRA,DET,LNK
54,0.9997507974746063,0.9999084897142438,0.9986994260798119
