epoch,TRA,DET,LNK
46,0.9997281185859196,0.9999054393713853,0.9985458790415411
