epoch,TRA,DET,LNK
21,0.9994965551961711,0.9997803753141853,0.9976042594558537
