epoch,TRA,DET,LNK
5,0.9977465672650534,0.9993106225139706,0.9873186416273139
