epoch,TRA,DET,LNK
7,0.9986872769577716,0.9996095561141072,0.9925382240607192
