epoch,TRA,DET,LNK
48,0.9997106120753544,0.9998566338856487,0.9987370501885273
