epoch,TRA,DET,LNK
40,0.9995755997438744,0.9997834256570438,0.9981899753104497
