epoch,TRA,DET,LNK
0,0.9347676912573016,0.9451548354034993,0.8655141486986127
