epoch,TRA,DET,LNK
62,0.9999307697082195,0.9999664462285561,0.9996929059234583
