epoch,TRA,DET,LNK
16,0.9993282539696012,0.9996614119427023,0.9971070111001289
