epoch,TRA,DET,LNK
34,0.9993868742549786,0.9996980160570048,0.9973124183963588
