epoch,TRA,DET,LNK
1,0.9922275071843006,0.9976268332560579,0.9562289254147803
