epoch,TRA,DET,LNK
40,0.9995675096139921,0.9998078283999121,0.9979652475259606
