epoch,TRA,DET,LNK
4,0.9965953815703128,0.998648698113668,0.9829054353617812
