epoch,TRA,DET,LNK
64,0.999952520221346,0.9999694965714147,0.9998393348871073
