epoch,TRA,DET,LNK
48,0.9997164475788761,0.9998840869713755,0.9985987561673032
