epoch,TRA,DET,LNK
6,0.9984087642896893,0.9994814417140486,0.9912569706287904
