epoch,TRA,DET,LNK
24,0.999452523669598,0.9997468215427414,0.9974903702619045
