epoch,TRA,DET,LNK
72,0.9999586209750277,0.9999725469142732,0.9998657734499884
