epoch,TRA,DET,LNK
5,0.9976753475970723,0.9993228238854047,0.98669123419279
