epoch,TRA,DET,LNK
18,0.9992148595261677,0.9995119451426341,0.9972341195755187
