epoch,TRA,DET,LNK
67,0.9999644564785495,0.9999755972571317,0.9998901782772632
