epoch,TRA,DET,LNK
6,0.997593252672528,0.9992343639425071,0.9866515763484683
