epoch,TRA,DET,LNK
22,0.9992134006502873,0.9996156567998243,0.9965314639235641
