epoch,TRA,DET,LNK
61,0.9998570301637177,0.9999450938285463,0.9992698889173612
