epoch,TRA,DET,LNK
56,0.9998771891758836,0.9999359427999707,0.9994854648916223
