epoch,TRA,DET,LNK
28,0.9993978821366218,0.9997224187998731,0.9972341195755187
