epoch,TRA,DET,LNK
31,0.9994326299075922,0.9997285194855902,0.997459864227811
