epoch,TRA,DET,LNK
66,0.9999637933531493,0.9999755972571317,0.9998850939382476
