epoch,TRA,DET,LNK
74,0.9999716182328716,0.9999755972571317,0.9999450891386317
