epoch,TRA,DET,LNK
9,0.9991519952382292,0.9997773249713268,0.9949827742594152
