epoch,TRA,DET,LNK
25,0.9995091545787748,0.9997681739427512,0.9977822113213993
