epoch,TRA,DET,LNK
66,0.9999177724503757,0.9999450938285463,0.9997356143711893
