epoch,TRA,DET,LNK
44,0.9997143255775954,0.999881036628517,0.9986028236385157
