epoch,TRA,DET,LNK
40,0.9994123382703461,0.9997071670855804,0.9974466449463704
