epoch,TRA,DET,LNK
34,0.9995749366184743,0.9998261304570634,0.9979001679865611
