epoch,TRA,DET,LNK
40,0.9996405860330937,0.9998352814856389,0.9983425054809174
