epoch,TRA,DET,LNK
36,0.999516581583257,0.9997071670855804,0.9982459030396212
