epoch,TRA,DET,LNK
51,0.9997009304445115,0.9998535835427902,0.9986831561949621
