epoch,TRA,DET,LNK
7,0.9986435106813587,0.9995393982283609,0.9926704168751246
