epoch,TRA,DET,LNK
50,0.9997026545705521,0.9998596842285072,0.9986557007642778
