epoch,TRA,DET,LNK
56,0.9998507967849558,0.999920691085678,0.9993847949791136
