epoch,TRA,DET,LNK
28,0.9995572974828291,0.9998169794284878,0.9978259366369334
