epoch,TRA,DET,LNK
35,0.9994484122921168,0.9997193684570146,0.9976418835645691
