epoch,TRA,DET,LNK
17,0.9985896648988628,0.9994143341711609,0.9930914001456155
