epoch,TRA,DET,LNK
65,0.9999327590844201,0.9999633958856976,0.9997284962965675
