epoch,TRA,DET,LNK
12,0.9991779897539168,0.9996187071426829,0.9962396228640692
