epoch,TRA,DET,LNK
2,0.9933125129641016,0.9983955196564094,0.9594229071843744
