epoch,TRA,DET,LNK
38,0.9995884643766383,0.9997712242856097,0.9983699609116017
