epoch,TRA,DET,LNK
9,0.999138069604825,0.9996370091998341,0.9958115215189565
