epoch,TRA,DET,LNK
1,0.9931251137260061,0.9981331901705752,0.9597350855999317
