epoch,TRA,DET,LNK
33,0.9996504002890165,0.9998627345713659,0.9982347174937869
