epoch,TRA,DET,LNK
5,0.9979301203758276,0.9993746797139998,0.9882989021895198
