epoch,TRA,DET,LNK
26,0.9994698975550832,0.9997315698284487,0.9977252667244247
