epoch,TRA,DET,LNK
39,0.9996221511469682,0.9998291807999219,0.9982418355684087
