epoch,TRA,DET,LNK
41,0.9995608783599901,0.9997712242856097,0.998158452408553
