epoch,TRA,DET,LNK
21,0.9983192423606627,0.9988683227994827,0.9946583934302204
