epoch,TRA,DET,LNK
10,0.9987600881267131,0.9997193684570146,0.992364339666386
