epoch,TRA,DET,LNK
36,0.9994846189389676,0.9997376705141658,0.9977974643384462
