epoch,TRA,DET,LNK
30,0.9994933721942502,0.9997224187998731,0.9979662643937638
