epoch,TRA,DET,LNK
24,0.9993010658281932,0.9995699016569463,0.9975086738823606
