epoch,TRA,DET,LNK
7,0.9987388681139069,0.999676663656995,0.9924863638027602
