epoch,TRA,DET,LNK
41,0.9994954941955307,0.9997620732570341,0.9977181486498029
