epoch,TRA,DET,LNK
41,0.999604512011323,0.9998596842285072,0.9979032185899704
