epoch,TRA,DET,LNK
52,0.9997799749922149,0.9999237414285366,0.9988214502161861
