epoch,TRA,DET,LNK
67,0.9999042446922116,0.9999481441714049,0.9996115564992089
