epoch,TRA,DET,LNK
29,0.9995055737016137,0.9997468215427414,0.9978971173831517
