epoch,TRA,DET,LNK
31,0.9993505349830478,0.9996339588569755,0.997460881095614
