epoch,TRA,DET,LNK
20,0.9993675109932929,0.9996644622855609,0.9973876666137895
