epoch,TRA,DET,LNK
51,0.9997458903466448,0.9998688352570829,0.9989261875999073
