epoch,TRA,DET,LNK
16,0.9994241419024696,0.9997803753141853,0.9970490496353512
