epoch,TRA,DET,LNK
9,0.9993005353278731,0.9997773249713268,0.9961216661989075
