epoch,TRA,DET,LNK
10,0.9989917841415418,0.9996339588569755,0.9947102536881796
