epoch,TRA,DET,LNK
14,0.9984395333082583,0.9990848971424388,0.9941367402472209
