epoch,TRA,DET,LNK
47,0.9997576939787683,0.9999023890285268,0.9987929779176988
