epoch,TRA,DET,LNK
60,0.9999282498316988,0.9999542448571219,0.9997549348594486
