epoch,TRA,DET,LNK
32,0.9995330270931818,0.9997925766856195,0.9978025486774618
