epoch,TRA,DET,LNK
43,0.999614856767566,0.9998078283999121,0.9983282693316738
