epoch,TRA,DET,LNK
43,0.9996038488859228,0.9998047780570536,0.9982642066600773
