epoch,TRA,DET,LNK
39,0.999513133331176,0.9997285194855902,0.9980771029843036
