epoch,TRA,DET,LNK
11,0.9986424496807184,0.9992770687425266,0.9944112945540627
