epoch,TRA,DET,LNK
24,0.9994095531436653,0.9996919153712878,0.9975269775028167
