epoch,TRA,DET,LNK
20,0.9992643286810223,0.9995790526855218,0.9971659894327098
