epoch,TRA,DET,LNK
55,0.9998416456544331,0.9999481441714049,0.9991315948961371
