epoch,TRA,DET,LNK
42,0.9997324952135609,0.9998993386856683,0.9986201103911687
