epoch,TRA,DET,LNK
29,0.9995086240784546,0.9997742746284682,0.9977374691380622
