epoch,TRA,DET,LNK
31,0.999611275890405,0.9998322311427804,0.9981381150524907
