epoch,TRA,DET,LNK
10,0.9991061069605356,0.9996278581712584,0.9956274684465921
