epoch,TRA,DET,LNK
37,0.9996726813024631,0.9998688352570829,0.9983648765725861
