epoch,TRA,DET,LNK
17,0.9992440370437764,0.9995943043998146,0.9969087218785209
