epoch,TRA,DET,LNK
30,0.999455706671519,0.9997010663998633,0.9978198354301148
