epoch,TRA,DET,LNK
16,0.9994531867949983,0.9997834256570438,0.9972514063281717
