epoch,TRA,DET,LNK
9,0.9990571683060011,0.9996919153712878,0.9948251597499319
