epoch,TRA,DET,LNK
10,0.9985424503703688,0.9992465653139413,0.9938479497911353
