epoch,TRA,DET,LNK
20,0.999310482208876,0.9996034554283901,0.997357160579696
