epoch,TRA,DET,LNK
8,0.9984875435872326,0.9996217574855414,0.9909254717249739
