epoch,TRA,DET,LNK
18,0.9993041162050341,0.9996370091998341,0.9970846400084603
