epoch,TRA,DET,LNK
8,0.9990588924320416,0.9997102174284389,0.9947163548949982
