epoch,TRA,DET,LNK
50,0.999732760463721,0.9998840869713755,0.9987238309070867
