epoch,TRA,DET,LNK
1,0.9931093313414815,0.9981819956563117,0.9592886806343628
