epoch,TRA,DET,LNK
3,0.9958757578860199,0.9986425974279509,0.977428585374187
