epoch,TRA,DET,LNK
39,0.9996513286645768,0.9998657849142244,0.9982214982123464
