epoch,TRA,DET,LNK
26,0.999506502077174,0.9997834256570438,0.9976601871850252
