epoch,TRA,DET,LNK
64,0.9999509287203855,0.9999694965714147,0.9998271324734699
