epoch,TRA,DET,LNK
15,0.9993461583554065,0.9997132677712975,0.9968985532004897
