epoch,TRA,DET,LNK
17,0.9993338242229629,0.999676663656995,0.997048032767548
