epoch,TRA,DET,LNK
36,0.9996559705423782,0.9998505331999317,0.9983587753657673
