epoch,TRA,DET,LNK
34,0.9996932381898692,0.9999176407428195,0.9981970933850716
