epoch,TRA,DET,LNK
25,0.9993533201097287,0.9996492105712682,0.9973805485391677
