epoch,TRA,DET,LNK
18,0.9992645939311824,0.9996614119427023,0.9966189145546323
