epoch,TRA,DET,LNK
41,0.9996693656754622,0.9998505331999317,0.9984614790138823
