epoch,TRA,DET,LNK
57,0.9997023893203919,0.9998566338856487,0.998674004384734
