epoch,TRA,DET,LNK
34,0.9995496052281868,0.9997437711998829,0.9982550548498493
