epoch,TRA,DET,LNK
34,0.9995615414853903,0.9997834256570438,0.9980821873233192
