epoch,TRA,DET,LNK
0,0.944016831714158,0.9540008296932575,0.8774511598394162
