epoch,TRA,DET,LNK
43,0.999621355396488,0.9998047780570536,0.9983984332100889
