epoch,TRA,DET,LNK
27,0.999567376988912,0.9998200297713463,0.9978828812339081
