epoch,TRA,DET,LNK
63,0.9999470825930643,0.9999694965714147,0.9997976433071795
