epoch,TRA,DET,LNK
35,0.9994750699332047,0.9997193684570146,0.9978462739929959
