epoch,TRA,DET,LNK
13,0.9991115445888171,0.9996583615998438,0.9954657864658963
