epoch,TRA,DET,LNK
21,0.9993988105121822,0.999670562971278,0.9975869727032007
