epoch,TRA,DET,LNK
62,0.9999362073365011,0.9999633958856976,0.9997549348594486
