epoch,TRA,DET,LNK
11,0.999198944516563,0.9996797139998536,0.9959935408557146
