epoch,TRA,DET,LNK
6,0.998830644669294,0.9997285194855902,0.9928443012694578
