epoch,TRA,DET,LNK
64,0.9999583557248677,0.9999755972571317,0.9998434023583198
