epoch,TRA,DET,LNK
22,0.9990253382867916,0.9993441762854145,0.9968995700682929
