epoch,TRA,DET,LNK
46,0.999658755669059,0.9998230801142048,0.9985631657941941
