epoch,TRA,DET,LNK
59,0.9999193639513362,0.9999542448571219,0.9996868047166396
