epoch,TRA,DET,LNK
72,0.9999676394804704,0.9999755972571317,0.9999145831045381
