epoch,TRA,DET,LNK
7,0.9987740137601173,0.999670562971278,0.9927965084827112
