epoch,TRA,DET,LNK
23,0.999489393441849,0.9997864759999023,0.9975086738823606
