epoch,TRA,DET,LNK
39,0.9995787827457954,0.9998169794284878,0.9979906692210386
