epoch,TRA,DET,LNK
69,0.9999274540812185,0.9999664462285561,0.9996674842283804
