epoch,TRA,DET,LNK
74,0.9999649869788696,0.9999816979428487,0.999853571036351
