epoch,TRA,DET,LNK
53,0.9997281185859196,0.9998932379999512,0.9986272284657906
