epoch,TRA,DET,LNK
5,0.9979104918639818,0.9993929817711511,0.988026381618284
