epoch,TRA,DET,LNK
47,0.9997590202295688,0.9998962883428097,0.9988438213078547
