epoch,TRA,DET,LNK
19,0.9984817080837108,0.9989994875423998,0.9950295501783586
