epoch,TRA,DET,LNK
73,0.9999718834830317,0.9999755972571317,0.9999471228742378
