epoch,TRA,DET,LNK
37,0.9996417796588141,0.9998688352570829,0.9981279463744596
