epoch,TRA,DET,LNK
19,0.9989397951101664,0.9993746797139998,0.996040316774658
