epoch,TRA,DET,LNK
50,0.9997507974746063,0.9998657849142244,0.998984149064685
