epoch,TRA,DET,LNK
67,0.9999615387267886,0.9999755972571317,0.9998678071855946
