epoch,TRA,DET,LNK
45,0.9997393917177229,0.9998932379999512,0.9987136622290556
