epoch,TRA,DET,LNK
2,0.9943050790631152,0.998779862856585,0.9644706389590527
