epoch,TRA,DET,LNK
42,0.9995274568398202,0.9997498718855999,0.9980445632146039
