epoch,TRA,DET,LNK
54,0.9998342186499509,0.9999328924571121,0.9991763370794743
