epoch,TRA,DET,LNK
50,0.9997714869870924,0.9999084897142438,0.9988580574570983
