epoch,TRA,DET,LNK
22,0.999371224495534,0.9996400595426926,0.9975788377607757
