epoch,TRA,DET,LNK
53,0.9998368711515517,0.999920691085678,0.9992780238597861
