epoch,TRA,DET,LNK
38,0.9995197645851779,0.9997346201713072,0.9980872716623348
