epoch,TRA,DET,LNK
4,0.9971176591355073,0.9991245515995998,0.9837372332247318
