epoch,TRA,DET,LNK
43,0.9996749359288238,0.9998535835427902,0.9984838501055509
