epoch,TRA,DET,LNK
58,0.9998168447644659,0.9999328924571121,0.9990431273972659
