epoch,TRA,DET,LNK
35,0.9995327618430218,0.9997712242856097,0.997942876434292
