epoch,TRA,DET,LNK
16,0.9993378029753641,0.9997193684570146,0.9967938158167685
