epoch,TRA,DET,LNK
15,0.9994376696606336,0.9998383318284976,0.9967663603860843
