epoch,TRA,DET,LNK
33,0.9994596854239202,0.9997071670855804,0.9978096667520836
