epoch,TRA,DET,LNK
39,0.9995867402505978,0.9998017277141951,0.9981533680695375
