epoch,TRA,DET,LNK
8,0.9973402040198132,0.9995241465140682,0.9827793437541946
