epoch,TRA,DET,LNK
4,0.9964992283872843,0.9987280070279899,0.9816394349468992
