epoch,TRA,DET,LNK
38,0.9995553081066284,0.9997651235998927,0.9981564186729468
