epoch,TRA,DET,LNK
32,0.9996027878852825,0.9998261304570634,0.9981137102252159
