epoch,TRA,DET,LNK
52,0.9997309037126004,0.9998901876570927,0.9986689200457184
