epoch,TRA,DET,LNK
48,0.999658623043979,0.9998017277141951,0.9987045104188275
