epoch,TRA,DET,LNK
42,0.999428783780271,0.9997102174284389,0.9975523991978946
