epoch,TRA,DET,LNK
52,0.9998135291374648,0.9999267917713951,0.9990583804143126
