epoch,TRA,DET,LNK
69,0.9999679047306305,0.9999786475999902,0.999896279484082
