epoch,TRA,DET,LNK
60,0.9999171093249755,0.999960345542839,0.9996288432518619
