epoch,TRA,DET,LNK
59,0.9999139263230545,0.9999572951999804,0.9996247757806495
