epoch,TRA,DET,LNK
58,0.9999059688182522,0.9999420434856878,0.9996654504927741
