epoch,TRA,DET,LNK
37,0.9996067666376837,0.9998139290856293,0.9982255656835589
