epoch,TRA,DET,LNK
51,0.9997603464803692,0.9998901876570927,0.9988946646980106
