epoch,TRA,DET,LNK
6,0.9985257396102839,0.9995668513140877,0.9915844020613944
