epoch,TRA,DET,LNK
9,0.9972103640664547,0.998239952170624,0.9903458570771966
