epoch,TRA,DET,LNK
13,0.999094038078252,0.999466189999756,0.9966128133478135
