epoch,TRA,DET,LNK
38,0.9994839558135673,0.9997163181141561,0.9979347414918671
