epoch,TRA,DET,LNK
73,0.9999362073365011,0.9999572951999804,0.9997956095715732
