epoch,TRA,DET,LNK
19,0.9986457653077193,0.9994082334854437,0.9935622099384591
