epoch,TRA,DET,LNK
10,0.999040324920836,0.9995760023426633,0.9954688370693057
