epoch,TRA,DET,LNK
2,0.9947416808266044,0.9989598330852388,0.9666182637592382
