epoch,TRA,DET,LNK
40,0.9996172440190068,0.9997864759999023,0.9984889344445664
