epoch,TRA,DET,LNK
61,0.999874669299363,0.9999389931428293,0.9994458070473006
