epoch,TRA,DET,LNK
14,0.999418836899268,0.9997407208570244,0.9972727605520372
