epoch,TRA,DET,LNK
11,0.9987106189718585,0.9994234851997364,0.9939577715138721
