epoch,TRA,DET,LNK
42,0.9997098163248741,0.9998962883428097,0.9984665633528979
