epoch,TRA,DET,LNK
16,0.9993009332031132,0.9996614119427023,0.9968975363326866
