epoch,TRA,DET,LNK
59,0.9998204256416269,0.9999267917713951,0.9991112575400748
