epoch,TRA,DET,LNK
34,0.999577456494995,0.9997925766856195,0.9981431993915063
