epoch,TRA,DET,LNK
26,0.9995590216088696,0.999789526342761,0.9980221921229353
