epoch,TRA,DET,LNK
54,0.9998181710152662,0.9999084897142438,0.999215994923796
