epoch,TRA,DET,LNK
24,0.9994533194200783,0.9997132677712975,0.9977201823854092
