epoch,TRA,DET,LNK
13,0.9991399263559455,0.999551599599795,0.9963952036379462
