epoch,TRA,DET,LNK
57,0.9998806374279647,0.9999389931428293,0.9994915660984409
