epoch,TRA,DET,LNK
29,0.9994916480682096,0.9997468215427414,0.9977903462638243
