epoch,TRA,DET,LNK
35,0.9995509314789871,0.9997712242856097,0.9980821873233192
