epoch,TRA,DET,LNK
66,0.9999172419500555,0.999960345542839,0.999629860119665
