epoch,TRA,DET,LNK
17,0.9987557114990719,0.9991276019424583,0.9962762301049815
