epoch,TRA,DET,LNK
71,0.9999486740940248,0.9999664462285561,0.9998301830768793
