epoch,TRA,DET,LNK
6,0.9986761364510484,0.999591254056956,0.9925748313016315
