epoch,TRA,DET,LNK
49,0.9997343519646814,0.9998871373142341,0.9987156959646618
