epoch,TRA,DET,LNK
2,0.9924239249278387,0.9978190048561458,0.9564536531992694
