epoch,TRA,DET,LNK
35,0.999476130933845,0.9997071670855804,0.9979357583596702
