epoch,TRA,DET,LNK
12,0.9972780028572747,0.9983009590277947,0.9904577125355395
