epoch,TRA,DET,LNK
35,0.9995851487496372,0.9998230801142048,0.9979988041634635
