epoch,TRA,DET,LNK
63,0.9999441648413034,0.9999725469142732,0.9997549348594486
