epoch,TRA,DET,LNK
48,0.9996798430567853,0.9998749359428,0.9983791127218297
