epoch,TRA,DET,LNK
8,0.9988240134152921,0.9996065057712487,0.9936069521217964
