epoch,TRA,DET,LNK
39,0.9996324959032112,0.9998230801142048,0.9983618259691767
