epoch,TRA,DET,LNK
21,0.9993840891282978,0.9997803753141853,0.9967419555588095
