epoch,TRA,DET,LNK
44,0.9996770579301044,0.9998718855999414,0.9983780958540266
