epoch,TRA,DET,LNK
62,0.9998622025418392,0.9999298421142536,0.9994112335419946
