epoch,TRA,DET,LNK
51,0.9998001340043808,0.9999084897142438,0.9990777009025719
