epoch,TRA,DET,LNK
45,0.9995998701335216,0.9997773249713268,0.9984167368305451
