epoch,TRA,DET,LNK
63,0.9998835551797256,0.9999450938285463,0.9994732624779848
