epoch,TRA,DET,LNK
50,0.9997749352391734,0.999914590399961,0.9988438213078547
