epoch,TRA,DET,LNK
7,0.9985192409813619,0.9995485492569365,0.9916565996754158
