epoch,TRA,DET,LNK
23,0.9993709592453739,0.9996278581712584,0.997658153449419
