epoch,TRA,DET,LNK
31,0.9994550435461188,0.9997254691427316,0.9976520522426002
