epoch,TRA,DET,LNK
19,0.9987531916225512,0.9995485492569365,0.9934503544801162
