epoch,TRA,DET,LNK
27,0.9992488115466578,0.9996461602284097,0.996599594066373
