epoch,TRA,DET,LNK
57,0.9997960226268997,0.9998871373142341,0.9991885394931117
