epoch,TRA,DET,LNK
31,0.9995149900822965,0.9997407208570244,0.9980099897092979
