epoch,TRA,DET,LNK
46,0.9996843523095066,0.9998657849142244,0.9984746982953228
