epoch,TRA,DET,LNK
23,0.9993293149702416,0.9996187071426829,0.9973998690274269
