epoch,TRA,DET,LNK
19,0.999452391044518,0.9997834256570438,0.997245305121353
