epoch,TRA,DET,LNK
15,0.9991258680974614,0.9995180458283511,0.9965111265675017
