epoch,TRA,DET,LNK
2,0.9946892939199888,0.9989445813709461,0.9663182877573184
