epoch,TRA,DET,LNK
30,0.9992474852958574,0.999545498914078,0.9972605581383998
