epoch,TRA,DET,LNK
70,0.99996618060459,0.9999725469142732,0.9999237349147662
