epoch,TRA,DET,LNK
24,0.9993439037290459,0.9996553112569853,0.9972676762130216
