epoch,TRA,DET,LNK
5,0.9981569092626947,0.9993838307425754,0.9899767340646647
