epoch,TRA,DET,LNK
24,0.9993996062626623,0.9996980160570048,0.9974100377054581
