epoch,TRA,DET,LNK
44,0.9996640606722607,0.9998505331999317,0.9984208043017575
