epoch,TRA,DET,LNK
56,0.9998628656672395,0.9999328924571121,0.9993959805249478
