epoch,TRA,DET,LNK
7,0.9993090233329955,0.9998352814856389,0.9958003359731221
