epoch,TRA,DET,LNK
34,0.9999779842367135,0.9999786475999902,0.9999735614371189
