epoch,TRA,DET,LNK
28,0.999939125088262,0.9999572951999804,0.9998179806632419
