epoch,TRA,DET,LNK
29,0.9999781168617935,0.9999816979428487,0.9999542409488597
