epoch,TRA,DET,LNK
59,0.99996631322967,0.9999694965714147,0.9999450891386317
