epoch,TRA,DET,LNK
42,0.9999754643601927,0.9999725469142732,0.9999949156609844
