epoch,TRA,DET,LNK
7,0.9990033225235051,0.9996827643427121,0.994473323490053
