epoch,TRA,DET,LNK
49,0.9999679047306305,0.9999694965714147,0.9999572915522691
