epoch,TRA,DET,LNK
5,0.99844510356162,0.9996827643427121,0.9901933269067288
