epoch,TRA,DET,LNK
22,0.9998754650498431,0.9999328924571121,0.9994925829662441
