epoch,TRA,DET,LNK
25,0.9999506634702254,0.9999664462285561,0.9998454360939261
