epoch,TRA,DET,LNK
6,0.9982745477086895,0.9994692403426145,0.9903092498362843
