epoch,TRA,DET,LNK
27,0.9999744033595525,0.9999816979428487,0.9999257686503724
