epoch,TRA,DET,LNK
14,0.9994047786407839,0.9996980160570048,0.9974496955497797
