epoch,TRA,DET,LNK
15,0.9995331597182618,0.9997773249713268,0.9979052523255767
