epoch,TRA,DET,LNK
30,0.9999708224823913,0.9999755972571317,0.9999389879318129
