epoch,TRA,DET,LNK
56,0.9999685678560307,0.9999664462285561,0.999982713247347
