epoch,TRA,DET,LNK
2,0.9947656859660915,0.998813416628029,0.9677785099225961
