epoch,TRA,DET,LNK
21,0.9997913807490982,0.9998962883428097,0.9990919370518155
