epoch,TRA,DET,LNK
11,0.9995527882301077,0.9998169794284878,0.9977913631316274
