epoch,TRA,DET,LNK
21,0.9998046432571022,0.9998749359428,0.9993359853245639
