epoch,TRA,DET,LNK
21,0.9997822296185755,0.9998840869713755,0.9991031225976498
