epoch,TRA,DET,LNK
47,0.999959284100428,0.999960345542839,0.9999522072132534
