epoch,TRA,DET,LNK
9,0.998792979146563,0.99922826325679,0.9958908372075996
