epoch,TRA,DET,LNK
40,0.9999660479795099,0.9999664462285561,0.9999633927590877
