epoch,TRA,DET,LNK
27,0.9999157830741751,0.9999450938285463,0.9997203613541426
