epoch,TRA,DET,LNK
46,0.9999779842367135,0.9999755972571317,0.9999938987931813
