epoch,TRA,DET,LNK
16,0.9995464222262658,0.9997468215427414,0.9982103126665121
