epoch,TRA,DET,LNK
13,0.9990580966815613,0.9996522609141267,0.9950966634533644
