epoch,TRA,DET,LNK
30,0.9999620692271087,0.9999725469142732,0.9998922120128695
