epoch,TRA,DET,LNK
39,0.9999689657312708,0.9999694965714147,0.999965426494694
