epoch,TRA,DET,LNK
36,0.9999706898573113,0.9999725469142732,0.9999583084200722
