epoch,TRA,DET,LNK
29,0.9999315654586998,0.9999572951999804,0.9997600191984641
