epoch,TRA,DET,LNK
15,0.9994485449171968,0.9996736133141365,0.9979479607733076
