epoch,TRA,DET,LNK
23,0.9999531833467461,0.9999694965714147,0.9998444192261229
