epoch,TRA,DET,LNK
7,0.9991982813911628,0.9998383318284976,0.9949309140014562
