epoch,TRA,DET,LNK
37,0.999976260110673,0.9999755972571317,0.9999806795117407
