epoch,TRA,DET,LNK
6,0.9987092927210581,0.9997193684570146,0.9919748792977918
