epoch,TRA,DET,LNK
81,0.9999755969852728,0.9999725469142732,0.9999959325287875
