epoch,TRA,DET,LNK
47,0.9999773211113133,0.9999755972571317,0.9999888144541657
