epoch,TRA,DET,LNK
19,0.9997733437382129,0.9998901876570927,0.9989943177427162
