epoch,TRA,DET,LNK
5,0.9981807817771018,0.9994478879426048,0.9897326857919163
