epoch,TRA,DET,LNK
15,0.9996188355199672,0.9998200297713463,0.9982774259415179
