epoch,TRA,DET,LNK
24,0.9998401867785527,0.9999054393713853,0.9994051323351759
