epoch,TRA,DET,LNK
28,0.9999667111049102,0.9999755972571317,0.9999074650299162
