epoch,TRA,DET,LNK
14,0.9996130000164455,0.9998840869713755,0.9978055992808711
