epoch,TRA,DET,LNK
23,0.9998787806768441,0.9999359427999707,0.9994976673052597
