epoch,TRA,DET,LNK
19,0.9997326278386409,0.9998718855999414,0.9988041634635331
