epoch,TRA,DET,LNK
40,0.9999683026058707,0.9999664462285561,0.9999806795117407
