epoch,TRA,DET,LNK
1,0.9928829403298545,0.9978464579418727,0.9597899964613
