epoch,TRA,DET,LNK
17,0.9997537152263671,0.9999023890285268,0.9987624718836052
