epoch,TRA,DET,LNK
39,0.9999688331061908,0.9999694965714147,0.9999644096268908
