epoch,TRA,DET,LNK
1,0.9934687453083878,0.9984107713707021,0.9605190906761357
