epoch,TRA,DET,LNK
38,0.9999708224823913,0.9999694965714147,0.9999796626439377
