epoch,TRA,DET,LNK
36,0.9999793104875139,0.9999816979428487,0.9999633927590877
