epoch,TRA,DET,LNK
5,0.9983086323542596,0.9996400595426926,0.9894316929221934
