epoch,TRA,DET,LNK
17,0.9995010644488924,0.999670562971278,0.9983709777794048
