epoch,TRA,DET,LNK
17,0.9996679067995817,0.9998413821713561,0.998511305536235
