epoch,TRA,DET,LNK
29,0.9999685678560307,0.9999786475999902,0.9999013638230976
