epoch,TRA,DET,LNK
53,0.9999676394804704,0.9999664462285561,0.9999755951727252
