epoch,TRA,DET,LNK
19,0.999685545935227,0.9998444325142146,0.9986262115979874
