epoch,TRA,DET,LNK
35,0.9999673742303103,0.9999664462285561,0.9999735614371189
