epoch,TRA,DET,LNK
8,0.9990091580270268,0.9997498718855999,0.9940706438400182
