epoch,TRA,DET,LNK
21,0.9998718841726821,0.9999328924571121,0.9994651275355598
