epoch,TRA,DET,LNK
32,0.9999656501042699,0.9999694965714147,0.999940004799616
