epoch,TRA,DET,LNK
2,0.99503106875125,0.9987951145708778,0.9699352865330095
