epoch,TRA,DET,LNK
67,0.99996618060459,0.9999694965714147,0.9999440722708285
