epoch,TRA,DET,LNK
25,0.9998942978112088,0.9999298421142536,0.9996573155503492
