epoch,TRA,DET,LNK
40,0.9999706898573113,0.9999694965714147,0.9999786457761345
