epoch,TRA,DET,LNK
19,0.9996285171508101,0.999789526342761,0.9985550308517691
