epoch,TRA,DET,LNK
16,0.9996870048111074,0.9998627345713659,0.9985153730074475
