epoch,TRA,DET,LNK
45,0.9999701593569912,0.9999694965714147,0.9999745783049221
