epoch,TRA,DET,LNK
30,0.9999657827293499,0.9999725469142732,0.9999206843113568
