epoch,TRA,DET,LNK
2,0.9953075920431318,0.9989049269137851,0.9713233110842658
