epoch,TRA,DET,LNK
27,0.999973077108752,0.9999786475999902,0.9999359373284036
