epoch,TRA,DET,LNK
28,0.9999753317351127,0.9999786475999902,0.9999532240810566
