epoch,TRA,DET,LNK
3,0.9963082482720278,0.9985541374850533,0.9813343746059637
