epoch,TRA,DET,LNK
25,0.9998937673108885,0.9999450938285463,0.9995515612988249
