epoch,TRA,DET,LNK
5,0.9979602262689966,0.9996553112569853,0.9866586944230902
