epoch,TRA,DET,LNK
29,0.9999687004811108,0.9999725469142732,0.9999430554030254
