epoch,TRA,DET,LNK
8,0.9989931103923422,0.9995424485712194,0.9953305430480816
