epoch,TRA,DET,LNK
9,0.9989821025106989,0.9994173845140194,0.9960799746189797
