epoch,TRA,DET,LNK
12,0.999381701876857,0.9997010663998633,0.9972524231959748
