epoch,TRA,DET,LNK
3,0.9963993617020148,0.9989811854852485,0.9791857329379752
