epoch,TRA,DET,LNK
27,0.9999631302277491,0.9999725469142732,0.9999003469552944
