epoch,TRA,DET,LNK
16,0.9995765281194348,0.9997620732570341,0.9983394548775081
