epoch,TRA,DET,LNK
54,0.9999694962315909,0.9999664462285561,0.9999898313219688
