epoch,TRA,DET,LNK
33,0.9999714856077916,0.9999725469142732,0.9999644096268908
