epoch,TRA,DET,LNK
43,0.9999679047306305,0.9999664462285561,0.9999776289083314
