epoch,TRA,DET,LNK
11,0.9993763968736555,0.9996980160570048,0.9972320858399125
