epoch,TRA,DET,LNK
9,0.9993511981084481,0.9997132677712975,0.9969371941770082
