epoch,TRA,DET,LNK
50,0.9999758622354329,0.9999725469142732,0.9999979662643937
