epoch,TRA,DET,LNK
96,0.9999725466084319,0.9999694965714147,0.9999928819253782
