epoch,TRA,DET,LNK
37,0.999972811858592,0.9999694965714147,0.9999949156609844
