epoch,TRA,DET,LNK
31,0.9999635281029892,0.9999664462285561,0.9999440722708285
