epoch,TRA,DET,LNK
23,0.9998903190588075,0.9999389931428293,0.9995657974480686
