epoch,TRA,DET,LNK
7,0.9990724201902056,0.9997712242856097,0.994413328289669
