epoch,TRA,DET,LNK
24,0.9999708224823913,0.9999786475999902,0.9999186505757506
