epoch,TRA,DET,LNK
22,0.9997855452455765,0.9998993386856683,0.9990268575124159
