epoch,TRA,DET,LNK
44,0.999972944483672,0.9999694965714147,0.9999959325287875
