epoch,TRA,DET,LNK
4,0.9974554552143672,0.9991459039996096,0.9861848340268372
