epoch,TRA,DET,LNK
22,0.9998224150178274,0.9999084897142438,0.9992485346934957
