epoch,TRA,DET,LNK
25,0.9999588862251878,0.9999725469142732,0.9998678071855946
