epoch,TRA,DET,LNK
31,0.9999755969852728,0.9999786475999902,0.9999552578166628
