epoch,TRA,DET,LNK
13,0.9994103488941456,0.999670562971278,0.997675440202072
