epoch,TRA,DET,LNK
67,0.9999721487331917,0.9999694965714147,0.9999898313219688
