epoch,TRA,DET,LNK
15,0.9994233461519894,0.9997132677712975,0.9974903702619045
