epoch,TRA,DET,LNK
50,0.9999651196039496,0.9999694965714147,0.9999359373284036
