epoch,TRA,DET,LNK
21,0.9998826268041653,0.9999389931428293,0.9995068191154877
