epoch,TRA,DET,LNK
3,0.9961014857722467,0.9986181946850826,0.9793219932235929
