epoch,TRA,DET,LNK
15,0.9995893927521985,0.9997803753141853,0.9983160669180364
