epoch,TRA,DET,LNK
37,0.9999683026058707,0.9999694965714147,0.9999603421556784
