epoch,TRA,DET,LNK
27,0.9999438995911434,0.9999633958856976,0.9998139131920294
