epoch,TRA,DET,LNK
13,0.9993067687066349,0.9996339588569755,0.9971253147205851
