epoch,TRA,DET,LNK
33,0.9999741381093924,0.9999755972571317,0.9999644096268908
