epoch,TRA,DET,LNK
9,0.9993286518448414,0.9996949657141463,0.9968863507868523
