epoch,TRA,DET,LNK
39,0.9999710877325515,0.9999694965714147,0.9999816963795439
