epoch,TRA,DET,LNK
20,0.9995376689709832,0.9997132677712975,0.9983669103081922
