epoch,TRA,DET,LNK
13,0.9995328944681018,0.9998291807999219,0.9975574835369103
