epoch,TRA,DET,LNK
0,0.9422893900466469,0.9523810976353743,0.8750055927729171
