epoch,TRA,DET,LNK
36,0.9999549074727867,0.9999572951999804,0.9999389879318129
