epoch,TRA,DET,LNK
34,0.9999720161081117,0.9999755972571317,0.999948139742041
