epoch,TRA,DET,LNK
4,0.9974087711861934,0.999222162571073,0.9853184626585806
