epoch,TRA,DET,LNK
42,0.9999676394804704,0.9999816979428487,0.9998739083924133
