epoch,TRA,DET,LNK
13,0.9994915154431295,0.9997468215427414,0.9977893293960212
