epoch,TRA,DET,LNK
21,0.9997497364739659,0.9998383318284976,0.9991590503268213
