epoch,TRA,DET,LNK
49,0.9999655174791898,0.9999633958856976,0.9999796626439377
