epoch,TRA,DET,LNK
71,0.9999724139833518,0.9999725469142732,0.9999715277015127
