epoch,TRA,DET,LNK
25,0.9999159156992551,0.9999481441714049,0.9997010408658833
