epoch,TRA,DET,LNK
24,0.9999112738214537,0.9999481441714049,0.9996654504927741
