epoch,TRA,DET,LNK
48,0.9999698941068311,0.9999694965714147,0.9999725445693158
