epoch,TRA,DET,LNK
3,0.9958174028508027,0.9984412747992875,0.978323429040931
