epoch,TRA,DET,LNK
1,0.9928346648007202,0.9979410185704873,0.9587893985430318
