epoch,TRA,DET,LNK
31,0.9999732097338321,0.9999755972571317,0.9999572915522691
