epoch,TRA,DET,LNK
6,0.9987566398746321,0.999630908514117,0.9929276844293135
