epoch,TRA,DET,LNK
39,0.9999742707344724,0.9999725469142732,0.9999857638507563
