epoch,TRA,DET,LNK
50,0.9999675068553904,0.9999664462285561,0.9999745783049221
