epoch,TRA,DET,LNK
28,0.9999725466084319,0.9999816979428487,0.9999115325011287
