epoch,TRA,DET,LNK
22,0.9999225469532571,0.9999572951999804,0.9996908721878521
