epoch,TRA,DET,LNK
30,0.9999604777261483,0.9999664462285561,0.9999206843113568
