epoch,TRA,DET,LNK
52,0.9999700267319112,0.9999664462285561,0.9999938987931813
