epoch,TRA,DET,LNK
11,0.9994921785685298,0.9998047780570536,0.9974080039698519
