epoch,TRA,DET,LNK
63,0.9999744033595525,0.9999725469142732,0.9999867807185595
