epoch,TRA,DET,LNK
26,0.9999697614817511,0.9999816979428487,0.9998901782772632
