epoch,TRA,DET,LNK
5,0.9982192430503132,0.9994936430854828,0.9897225171138851
