epoch,TRA,DET,LNK
2,0.9949457908247847,0.9987493594279997,0.9695865008765401
