epoch,TRA,DET,LNK
23,0.9999193639513362,0.9999572951999804,0.9996664673605773
