epoch,TRA,DET,LNK
33,0.9999435017159033,0.9999755972571317,0.9997295131643705
