epoch,TRA,DET,LNK
3,0.9947556064600085,0.9985785402279216,0.9692672043863609
