epoch,TRA,DET,LNK
1,0.9921991254171721,0.9975322726274434,0.9566417737428463
