epoch,TRA,DET,LNK
45,0.9999600798509082,0.9999633958856976,0.9999379710640098
