epoch,TRA,DET,LNK
32,0.9999721487331917,0.9999755972571317,0.9999491566098441
