epoch,TRA,DET,LNK
23,0.9999091518201731,0.9999511945142634,0.9996288432518619
