epoch,TRA,DET,LNK
2,0.9948797435349253,0.9985388857707607,0.9704833782788902
