epoch,TRA,DET,LNK
49,0.9999745359846325,0.9999725469142732,0.9999877975863626
