epoch,TRA,DET,LNK
39,0.9999582230997877,0.9999664462285561,0.9999033975587038
