epoch,TRA,DET,LNK
20,0.9998091525098235,0.9998962883428097,0.9992281973374334
