epoch,TRA,DET,LNK
38,0.9999710877325515,0.9999725469142732,0.9999613590234815
