epoch,TRA,DET,LNK
16,0.9996795778066252,0.9998596842285072,0.9984787657665353
