epoch,TRA,DET,LNK
43,0.9999690983563508,0.9999694965714147,0.9999664433624971
