epoch,TRA,DET,LNK
20,0.9997238745833583,0.9998352814856389,0.9989810984612756
