epoch,TRA,DET,LNK
54,0.9999716182328716,0.9999694965714147,0.9999857638507563
