epoch,TRA,DET,LNK
4,0.9978428530731618,0.9993136728568291,0.9880365502963153
