epoch,TRA,DET,LNK
11,0.9991324993514633,0.9996339588569755,0.9957891504272879
