epoch,TRA,DET,LNK
4,0.9974188506922764,0.9991855584567706,0.9856397928843659
