epoch,TRA,DET,LNK
20,0.9998477464081149,0.9999298421142536,0.9993003949514547
