epoch,TRA,DET,LNK
26,0.9999241384542176,0.9999542448571219,0.9997234119575519
