epoch,TRA,DET,LNK
44,0.9999720161081117,0.9999694965714147,0.9999888144541657
