epoch,TRA,DET,LNK
48,0.9999689657312708,0.9999664462285561,0.9999857638507563
