epoch,TRA,DET,LNK
6,0.998793377021803,0.9996370091998341,0.9931686820986525
