epoch,TRA,DET,LNK
2,0.9954717818922204,0.9990665950852876,0.9715043135532209
