epoch,TRA,DET,LNK
37,0.9999684352309507,0.9999725469142732,0.9999410216674192
