epoch,TRA,DET,LNK
23,0.9996866069358673,0.9999054393713853,0.9982275994191651
