epoch,TRA,DET,LNK
13,0.9992198992792092,0.9995790526855218,0.9968253387186652
