epoch,TRA,DET,LNK
3,0.9959319909199565,0.9983284121135215,0.9799544849971324
