epoch,TRA,DET,LNK
48,0.9999734749839921,0.9999694965714147,1.0
