epoch,TRA,DET,LNK
38,0.9999724139833518,0.9999694965714147,0.9999918650575751
