epoch,TRA,DET,LNK
9,0.9990482824256385,0.9995699016569463,0.9955705238496174
