epoch,TRA,DET,LNK
37,0.9999757296103529,0.9999755972571317,0.9999766120405282
