epoch,TRA,DET,LNK
35,0.9999767906109931,0.9999755972571317,0.9999847469829533
