epoch,TRA,DET,LNK
4,0.9949151544312957,0.9983131603992289,0.9722598463309375
