epoch,TRA,DET,LNK
18,0.9995714883663932,0.9997529222284585,0.9983618259691767
