epoch,TRA,DET,LNK
0,0.9343645110139824,0.9448620024890798,0.8643752567591203
