epoch,TRA,DET,LNK
28,0.9999588862251878,0.9999664462285561,0.9999084818977194
