epoch,TRA,DET,LNK
19,0.9997728132378928,0.9998871373142341,0.9990105876275661
