epoch,TRA,DET,LNK
36,0.9999473478432245,0.9999664462285561,0.999820014398848
