epoch,TRA,DET,LNK
58,0.9999740054843123,0.9999725469142732,0.9999837301151501
