epoch,TRA,DET,LNK
24,0.9999336874599803,0.9999633958856976,0.9997356143711893
