epoch,TRA,DET,LNK
66,0.9999684352309507,0.9999694965714147,0.9999613590234815
