epoch,TRA,DET,LNK
11,0.9994229482767493,0.9997529222284585,0.9972229340296844
