epoch,TRA,DET,LNK
8,0.9993832933778175,0.9998139290856293,0.9965121434353048
