epoch,TRA,DET,LNK
14,0.9994112772697058,0.9997163181141561,0.9973774979357584
