epoch,TRA,DET,LNK
21,0.9998094177599837,0.9999023890285268,0.9991895563609149
