epoch,TRA,DET,LNK
34,0.9999737402341522,0.9999725469142732,0.9999816963795439
