epoch,TRA,DET,LNK
30,0.9999460215924241,0.9999633958856976,0.9998301830768793
