epoch,TRA,DET,LNK
35,0.9999737402341522,0.9999755972571317,0.9999613590234815
