epoch,TRA,DET,LNK
18,0.9996952275660699,0.9998596842285072,0.9985987561673032
