epoch,TRA,DET,LNK
43,0.9999708224823913,0.9999725469142732,0.9999593252878752
