epoch,TRA,DET,LNK
13,0.999104250209415,0.9995760023426633,0.9959589673504086
