epoch,TRA,DET,LNK
17,0.9996591535442991,0.9998474828570731,0.9984035175491045
