epoch,TRA,DET,LNK
10,0.9992824983169878,0.9997102174284389,0.9964307940110554
